"data_d","","","","","","","","","","","","","","","","","","","","","","","","","","","","","","","","","","","","","","","","","","","","","","","",""
-1.2824064818551,0,0,1,0,0,1,0,0,0,1,0,0,0,0,1,0,1,0,1,0,0,1,0,0,0,0,1,0,1,0,1.43313286464443,0.645054265806589,1.47533430060463,1.50974606232874,0.367595769606035,-1.09919023743945,0.72973329316222,0.597388610683631,-1.29166580406278,-0.286599467157936,0.622775048587819,1.47710516844216,1.69350919842863,0.329056196912493,0.470413902781847,1.42219210175673,1.36485637468229,1.11330343562346
-0.968924238350045,0,0,1,0,0,1,0,0,0,1,0,0,0,0,1,0,1,0,1,0,0,1,0,0,0,0,1,0,1,0,1.29890572314315,0.313603457289369,1.12534623659258,1.33996493075198,0.274984432302189,-1.09919023743945,0.913487690969557,0.797725423657778,-1.38940161690489,-0.44615322232006,-0.0311156209750764,1.48276968907606,1.47632297663377,1.27802971061331,1.20603413346262,1.17720324781802,1.27202454669989,1.10449736476297
-1.11820149716197,0,0,1,0,0,1,0,0,0,1,0,0,0,0,1,0,1,0,1,0,0,1,0,0,0,0,1,0,1,0,1.29890572314315,0.14787805303076,1.3003402685986,1.33996493075198,0.274984432302189,-1.09919023743945,1.20890822282904,1.19655262736668,-1.27281988499457,-0.679779702683748,0.493129109108461,1.5029490114546,1.63598762848881,0.785389961199105,0.678085152520187,1.10902526702766,1.31853428707878,1.09747480192485
-1.23762330421152,0,0,1,0,0,1,0,0,0,1,0,0,0,0,1,0,1,0,1,0,0,1,0,0,0,0,1,0,1,0,0.896224298639314,-0.0178473512278502,0.950352204586556,1.00040266759846,0.367595769606035,-0.837478276144342,2.21248993393065,2.50012672837818,-1.28319244510188,-0.323782090076142,0.583075666858834,1.68239932152156,2.00712864041673,2.09092957273836,2.04492412729665,1.83368075564136,1.45148627843824,1.56107541849206
-1.08834604539959,0,0,1,0,0,1,0,0,0,1,0,0,0,0,1,0,1,0,1,0,0,1,0,0,0,0,1,0,1,0,0.896224298639314,-0.34929815974507,0.0753820445564405,1.00040266759846,1.75676582916373,-1.62261416002966,2.83866838184334,2.7595490530129,-1.19422217601243,-1.37697825911967,-0.135553299783135,0.365053292054375,0.990561777546344,1.14077537659437,0.976294276803852,1.15743012479356,0.400236665460344,1.19032868833997
-1.2674787559739,0,0,1,0,0,1,0,0,0,1,0,0,0,0,1,0,1,0,1,0,0,1,0,0,0,0,1,0,1,0,1.03045144014059,-0.34929815974507,1.3003402685986,0.830621536021694,1.1084864680368,-1.36090219873456,1.50008826858528,1.67569919848918,-1.19203079007427,-1.47469640230462,-0.140149815644504,-0.230113206008393,1.27711224544511,1.76742258330878,2.29333742058038,0.379177404021451,-0.055665752334733,1.41282131413178
-1.13312922304317,0,0,1,0,0,1,0,0,0,1,0,0,0,0,1,0,1,0,1,0,0,1,0,0,0,0,1,0,1,0,1.16467858164187,-0.18357275548646,1.47533430060463,1.33996493075198,0.182373094998343,-1.36090219873456,1.01808634818296,1.02206572574403,-1.26609963478421,-0.557627960915964,0.413802922216725,1.65897461213322,1.98661543348966,1.04454975747572,1.24649324615006,1.70661493418994,1.46649850046895,1.34761180206354
-1.04356286775601,0,0,1,0,0,1,0,0,0,1,0,0,0,0,1,0,1,0,1,0,0,1,0,0,0,0,1,0,1,0,1.03045144014059,-0.34929815974507,1.3003402685986,1.17018379917522,0.089761757694497,-1.36090219873456,1.02374032965396,0.956517736245581,-1.13695395682841,-0.453100587397653,0.441285248629964,1.57285686234554,1.6414860138507,0.68975468330204,0.766642511059833,1.25002980703412,1.46487530396188,1.24115866697778
-0.804719253656923,0,0,1,0,0,1,0,0,0,1,0,0,0,0,1,0,1,0,1,0,0,1,0,0,0,0,1,0,1,0,1.03045144014059,-0.68074896826229,1.12534623659258,1.17018379917522,0.089761757694497,-1.09919023743945,0.803235052285155,0.882660846669858,-1.26624572718008,-0.394352693232744,0.516668108756421,1.58634097687708,1.46384587138947,1.3364734915504,1.29544028457612,1.37490641117409,1.50099846322327,1.16602839153505
-1.10327377128078,0,0,1,0,0,1,0,0,0,1,0,0,0,0,1,0,1,0,1,0,0,1,0,0,0,0,1,0,1,0,0.896224298639314,-0.846474372520899,1.12534623659258,1.33996493075198,0.182373094998343,-1.09919023743945,0.955892552002019,1.16793308265609,-1.12979542943041,-0.264132257287124,0.252779713936336,1.59573641486084,1.42049321757453,0.989352853257351,0.879248992525582,1.3697245618648,1.42240948089251,1.21095049984873
-0.909213334825274,0,0,1,0,0,1,0,0,0,1,0,0,0,0,1,0,1,0,1,0,0,1,0,0,0,0,1,0,1,0,0.896224298639314,-0.18357275548646,0.775358172580533,1.17018379917522,0.274984432302189,-0.837478276144342,2.31991558187955,2.47150718366759,-1.19758230111761,0.0611019352225096,0.904178588058594,1.66259479449323,2.03948452350788,2.31407855449817,2.17761869967714,1.83610503314489,1.43290865367524,1.6006470027386
-0.804719253656923,0,0,1,0,0,1,0,0,0,1,0,0,0,0,1,0,1,0,1,0,0,1,0,0,0,0,1,0,1,0,0.896224298639314,-0.51502356400368,-0.0996119874495827,1.17018379917522,1.57154315455603,-1.36090219873456,2.64784650719726,2.64968692976901,-1.1220525324489,-1.47005670001303,-0.594648465578949,0.340870473889469,0.936423829367684,1.39609795493067,1.21395619748533,1.0082896954518,0.523289972918308,1.23792605868722
-0.939068786587659,0,0,1,0,0,1,0,0,0,1,0,0,0,0,1,0,1,0,1,0,0,1,0,0,0,0,1,0,1,0,0.896224298639314,-0.51502356400368,0.950352204586556,0.830621536021694,1.1084864680368,-1.36090219873456,1.21173521356454,1.30272190613178,-1.14630387016458,-1.29529999741211,-0.662338209684798,-0.206782195457608,1.10391310654541,1.94216358489848,2.43791508899495,0.225648014973594,-0.180595587546535,1.30190940899007
-1.23762330421152,0,0,1,0,0,1,0,0,0,1,0,0,0,0,1,0,1,0,1,0,0,1,0,0,0,0,1,0,1,0,0.359315732634195,-1.01219977677951,0.60036414057451,0.830621536021694,0.182373094998343,-0.837478276144342,0.397561881741268,0.494912176397316,-0.940167499581298,-0.310789298545064,0.677546163904345,1.39759744574006,1.37714056375959,1.1260168460547,1.37550971737715,1.29456143417208,1.1990182344368,1.29366068438657
-1.02863514187482,0,0,1,0,0,1,0,0,0,1,0,0,0,0,1,0,1,0,1,0,0,1,0,0,0,0,1,0,1,0,0.359315732634195,-1.01219977677951,0.60036414057451,0.660840404444932,-0.0028495796093491,-0.837478276144342,0.469650145496453,0.419208864582201,-1.04886024211423,-0.26249089150271,0.227837567341222,1.28968193910702,0.992042112066854,0.571981609595469,0.782203708247311,0.938192641152857,1.20213327050818,1.12578799178012
-0.774863801894537,0,0,1,0,0,1,0,0,0,1,0,0,0,0,1,0,1,0,1,0,0,1,0,0,0,0,1,0,1,0,0.761997157138034,0.14787805303076,0.60036414057451,1.00040266759846,-0.0028495796093491,-1.09919023743945,0.445620724244724,0.377664364195857,-1.0307447850254,-0.168608018863518,-0.0826933673773884,1.45152538579009,0.94128778564936,1.1392995235404,1.2049024100308,1.11869080179211,1.45437613117915,1.1014876949752
-0.715152898369766,0,0,1,0,0,1,0,0,0,1,0,0,0,0,1,0,1,0,1,0,0,1,0,0,0,0,1,0,1,0,1.56736000614571,1.80513209561686,1.12534623659258,1.50974606232874,0.274984432302189,-1.09919023743945,0.441380238141478,0.450598042651882,-0.921613765304844,0.262421136582093,-0.289609157705238,1.32256171301211,0.888418695631138,1.07937988954934,0.860575555900608,1.29395448770593,1.48090085097966,0.971960424849906
-0.655441994844994,0,0,1,0,0,1,0,0,0,1,0,0,0,0,1,0,1,0,1,0,0,1,0,0,0,0,1,0,1,0,1.29890572314315,2.30230830839269,0.950352204586556,1.17018379917522,0.367595769606035,-0.837478276144342,1.1467144266481,1.21132400528182,-0.840678577988658,0.439574883274119,0.286697162555493,1.30699918790211,1.19040693781523,1.41469370341065,1.1536919247411,1.32176877431664,1.41945394968022,1.30291263225266
-0.953996512468852,0,0,1,0,0,1,0,0,0,1,0,0,0,0,1,0,1,0,1,0,0,1,0,0,0,0,1,0,1,0,1.29890572314315,2.13658290413408,-0.0996119874495827,1.17018379917522,1.84937716646757,-1.36090219873456,1.32481484298444,1.33965035091964,-0.819787365378162,-1.1408572277866,-0.971369228701277,-0.0840793086434192,0.302629178229231,0.850917836795242,0.694778073139481,0.333459950839791,0.389080707963774,0.976196256403057
-0.909213334825274,0,0,1,0,0,1,0,0,0,1,0,0,0,0,1,0,1,0,1,0,0,1,0,0,0,0,1,0,1,0,1.43313286464443,2.13658290413408,1.12534623659258,0.830621536021694,1.2937091426445,-1.09919023743945,1.4859533149078,1.19285978288789,-0.865660377683726,-1.1207708108605,-0.831683530893139,-0.599618830938119,0.249760088211009,1.13546230560009,1.43181295811002,-0.547742117347142,-0.308405892860479,1.05556236339893
-0.819646979538116,0,0,1,0,0,1,0,0,0,1,0,0,0,0,1,0,1,0,1,0,0,1,0,0,0,0,1,0,1,0,1.70158714764699,2.13658290413408,1.65032833261065,1.50974606232874,0.367595769606035,-1.09919023743945,1.17781132473857,0.947285625048615,-0.829137278714328,-0.0329922023196269,0.134068643769289,1.19720118644186,1.00578807547159,0.691820877577594,0.682046184531545,1.08235119776666,1.33004678484858,1.02557713477268
-0.715152898369766,0,0,1,0,0,1,0,0,0,1,0,0,0,0,1,0,1,0,1,0,0,1,0,0,0,0,1,0,1,0,1.16467858164187,1.30795588284103,0.950352204586556,1.00040266759846,0.182373094998343,-0.575766314849235,0.442793733509227,0.27057187431106,-0.938122206039011,0.0148918004900286,-0.274343886607743,0.990731538854973,0.535041697949338,0.317839713702344,0.276323334225305,0.742815521190194,1.08244833036835,0.92168779246909
-0.759936076013344,0,0,1,0,0,1,0,0,0,1,0,0,0,0,1,0,1,0,1,0,0,1,0,0,0,0,1,0,1,0,1.43313286464443,1.47368128709964,1.12534623659258,1.17018379917522,0.182373094998343,-0.575766314849235,0.164335146062725,0.0434619388657133,-0.777566662969538,0.22343463641567,-0.364895249076718,0.990723020778832,0.48322998973148,0.602974523728777,0.494463025707949,0.681117483307247,1.09936522806921,0.793832561114776
-0.446453832508293,0,0,1,0,0,1,0,0,0,1,0,0,0,0,1,0,1,0,1,0,0,1,0,0,0,0,1,0,1,0,1.03045144014059,1.30795588284103,0.775358172580533,1.00040266759846,0.274984432302189,-0.575766314849235,-0.0999884877062881,-0.016546783914561,-0.698822861591516,0.686527303669681,-0.175930062796952,0.854518983280819,0.405406689224656,0.44476307634351,0.214361476333348,0.675346229337189,1.07327210965208,0.758050931415791
-0.491237010151872,0,0,1,0,0,1,0,0,0,1,0,0,0,0,1,0,1,0,1,0,0,1,0,0,0,0,1,0,1,0,0.359315732634195,1.30795588284103,-0.0996119874495827,0.660840404444932,0.274984432302189,-0.0523423922590212,0.20532651172744,0.233643429523198,-0.374789927535017,0.885165065876509,0.285753667194475,0.832337913009097,0.699781782446119,1.35123202209007,0.754759415025759,1.10773419015168,0.923853587252686,0.795727538388554
-0.207610218409206,0,0,1,0,0,1,0,0,0,1,0,0,0,0,1,0,1,0,1,0,0,1,0,0,0,0,1,0,1,0,-0.0433656918696441,0.810779670065199,-1.49956424349777,0.32127814129141,1.66415449185988,-0.314054353554128,0.20532651172744,-0.0617841287796911,-0.367485307741137,-1.12428105847866,-1.14944793004622,-0.577650712569928,-0.203433751425195,0.449780976726998,0.144760485276629,-0.448167813287448,-0.202175656715678,0.511926824327451
-0.282248847815171,0,0,1,0,0,1,0,0,0,1,0,0,0,0,1,0,1,0,1,0,0,1,0,0,0,0,1,0,1,0,0.0908614496316356,1.14223047858242,-0.624594083467652,-0.0182841218621133,1.1084864680368,-0.314054353554128,-0.0081112888026204,-0.33597783132956,-0.33636762741921,-1.08579021827683,-1.10096678380315,-0.972352806725364,-0.51768762249351,0.822876628769868,0.749666659582585,-1.39046448125225,-0.817517255115649,0.562868272216659
-0.371815203102328,0,0,1,0,0,1,0,0,0,1,0,0,0,0,1,0,1,0,1,0,0,1,0,0,0,0,1,0,1,0,0.627770015636754,0.976505074323809,0.775358172580533,0.32127814129141,-0.0028495796093491,-0.314054353554128,-0.525450593398658,-0.699723012489993,-0.465367212979124,0.618410623616509,-0.394022644324552,0.144622517672038,-0.0403854778089968,-0.177456571208998,-0.206073778586507,-0.103657280705185,0.169414369099433,0.366347982000743
-0.730080624250959,0,0,1,0,0,1,0,0,0,1,0,0,0,0,1,0,1,0,1,0,0,1,0,0,0,0,1,0,1,0,0.225088591132915,0.479328861547979,0.775358172580533,-0.0182841218621133,-0.188072254217041,-0.0523423922590212,-0.611673810831331,-0.715417601524833,-0.461130533498674,0.55042395273438,-0.590584177869949,-0.0911407937644857,-0.322917894866378,-0.391160093423427,-0.437228289535041,-0.283685320960246,0.0578547941337305,-0.0585728043311194
-0.267321121933978,0,0,1,0,0,1,0,0,0,1,0,0,0,0,1,0,1,0,1,0,0,1,0,0,0,0,1,0,1,0,0.225088591132915,0.313603457289369,0.425370108568487,-0.0182841218621133,-0.188072254217041,0.209369569036086,-0.62439526914107,-0.789274491100556,-0.368800139304035,0.436999076572836,-0.723471870641009,-0.0797947163443885,-0.3859378501681,-0.23649069336768,-0.391676421404424,-0.305489785047731,0.00584682743609493,-0.0770767000633044
-0.103116137240856,0,0,1,0,0,1,0,0,0,1,0,0,0,0,1,0,1,0,1,0,0,1,0,0,0,0,1,0,1,0,0.225088591132915,0.479328861547979,0.250376076562464,0.151497009714648,-0.0954609169131952,0.209369569036086,-0.635703232083059,-0.768040635347536,-0.387938243164,0.321607811699271,-0.717835090663645,-0.0224425096855941,-0.388687042849047,-0.395292481974534,-0.396769176847598,-0.239153693822282,0.0963048478098826,-0.142955027639939
-0.565875639557836,0,0,1,0,0,1,0,0,0,1,0,0,0,0,1,0,1,0,1,0,0,1,0,0,0,0,1,0,1,0,0.0908614496316356,0.976505074323809,0.0753820445564405,-0.188065253438875,-0.0954609169131952,0.471081530331192,-0.282329390145875,-0.363674164920456,-0.314015490849938,0.420804809204832,-0.5623277014169,-0.0194441468838868,-0.326301516627545,-0.220551480384836,-0.204659124296736,-0.0299325810536302,0.0729420772745925,-0.100931119862627
0.53877607565044,0,0,1,0,0,1,0,0,0,1,0,0,0,0,1,0,1,0,1,0,0,1,0,0,0,0,1,0,1,0,-0.311819974872203,0.479328861547979,-1.32457021149175,-0.188065253438875,1.57154315455603,-0.314054353554128,-0.173490246829222,-0.361827742681063,-0.257039456457678,-1.12605243343411,-1.1444401469762,-1.00144203674761,-0.893269637982964,-0.438092220539579,-0.457599311307739,-0.910436485386435,-0.717592152223746,-0.176730210813746
-0.0583329595972769,0,0,1,0,0,1,0,0,0,1,0,0,0,0,1,0,1,0,1,0,0,1,0,0,0,0,1,0,1,0,-0.311819974872203,0.645054265806589,-0.274606019455606,-0.527627516592398,1.01587513073296,-0.314054353554128,-0.525450593398658,-0.629558967393056,-0.0649279558786441,-1.23320436709285,-1.27149752225995,-1.30481331851695,-0.946984633441478,-0.0493525261246581,-0.0422568118310586,-1.79092986463601,-1.23253951579335,-0.295110555799171
-0.356887477221135,0,0,1,0,0,1,0,0,0,1,0,0,0,0,1,0,1,0,1,0,0,1,0,0,0,0,1,0,1,0,0.359315732634195,0.810779670065199,0.425370108568487,0.151497009714648,-0.0954609169131952,-0.0523423922590212,-0.820871125258144,-0.837281469324775,-0.00839019867401605,-0.0326346770992596,-0.641000699212546,-0.00185431965227972,-0.333703189230096,-0.337143871648233,-0.296611653131832,-0.129941921886751,0.133375653586963,-0.160790107863732
-0.371815203102328,0,0,1,0,0,1,0,0,0,1,0,0,0,0,1,0,1,0,1,0,0,1,0,0,0,0,1,0,1,0,-0.177592833370924,0.479328861547979,0.250376076562464,-0.188065253438875,-0.465906266128579,0.471081530331192,-0.786947236432174,-0.952682859286841,-0.0783684562993826,0.0294609532199984,-0.602631887864485,-0.30445897456891,-0.472431681437912,-0.0611593505563944,-0.102804015433245,-0.247468509572457,-0.188045402729274,-0.246175554435139
0.0461611215710736,0,0,1,0,0,1,0,0,0,1,0,0,0,0,1,0,1,0,1,0,0,1,0,0,0,0,1,0,1,0,-0.311819974872203,-0.0178473512278502,0.250376076562464,-0.527627516592398,-0.558517603432425,0.471081530331192,-0.99331756012349,-0.904675881062622,0.169550339504891,0.201934369754488,-0.591164790399806,-0.379699141124254,-0.676083416188105,-0.924533387127118,-0.899820242290063,-0.60603353662527,-0.339640697323122,-0.963145779431608
-0.267321121933978,0,0,1,0,0,1,0,0,0,1,0,0,0,0,1,0,1,0,1,0,0,1,0,0,0,0,1,0,1,0,-0.580274257874763,-0.51502356400368,-0.0996119874495827,-0.527627516592398,-0.465906266128579,0.732793491626299,-0.949499203723279,-0.858515325077796,0.264948674012959,0.364665224033967,-0.47891303462742,-0.444802797071553,-0.635902907774256,-0.925123728348705,-0.908025237170733,-0.545661659229061,-0.355797601283672,-1.09088954153452
0.135727476858231,0,0,1,0,0,0,1,0,0,1,0,0,0,0,1,0,1,0,1,0,0,1,0,0,0,0,1,0,1,0,-0.848728540877322,0.313603457289369,-0.799588115473675,-0.86718977974592,-0.465906266128579,0.994505452921406,-0.610260315463582,-0.570473455732478,0.399353678220343,0.67286821513701,-0.219911461933633,-0.384554444524746,-0.520859767894604,-0.924533387127118,-0.899537311432109,-0.174294622609838,-0.455825913202036,-1.02244742117572
0.210366106264196,0,0,1,0,0,0,1,0,0,1,0,0,0,0,1,0,1,0,1,0,0,1,0,0,0,0,1,0,1,0,-1.654091389885,-1.17792518103812,-2.54952843553391,-1.3765331744762,-0.188072254217041,0.994505452921406,-0.73606140319322,-0.771733479826322,0.353334573518902,-0.845175744969602,-1.13994039986981,-1.35762539059248,-1.10855257253717,-0.923647875294738,-0.904064205159375,-1.14685090485534,-1.4822021508028,-1.06001255889708
0.359643365076125,0,0,1,0,0,0,1,0,0,1,0,0,0,0,1,0,1,0,1,0,0,1,0,0,0,0,1,0,0,1,-1.654091389885,-1.01219977677951,-1.49956424349777,-1.71609543762973,0.089761757694497,0.732793491626299,-0.775639273490185,-0.797583391177825,0.510383899087313,-1.14158040380052,-1.15479440375865,-1.56426539970219,-1.22486457057726,-0.924828557737911,-0.903215412585512,-1.97444521580064,-1.70979681942711,-1.09646300410446
-0.267321121933978,0,0,1,0,0,0,1,0,0,1,0,0,0,0,1,0,1,0,1,0,0,1,0,0,0,0,1,0,0,1,-0.311819974872203,-0.0178473512278502,-0.0996119874495827,-1.3765331744762,-2.22552167490165,1.77964133680673,-0.748782861502958,-0.739421090636944,0.516373687318294,-0.806855541804774,-0.991158439093909,-1.1627743988622,-1.07767702396652,-0.924828557737911,-0.896425071994613,-1.23537387152556,-1.25394131482588,-1.0842013864506
0.195438380383003,0,0,1,0,0,0,1,0,0,1,0,0,0,0,1,0,1,0,1,0,0,1,0,0,0,0,1,0,0,1,-0.311819974872203,0.14787805303076,0.0753820445564405,-0.697408648169159,-0.92896295264781,0.732793491626299,-0.72475344025123,-0.655408878744559,0.337264409972367,0.511518708299859,-0.35618606112886,-0.456472561385016,-0.782033072584623,-0.924533387127118,-0.903215412585512,-0.4012048919238,-0.55690508066255,-1.07829351612647
0.419354268600897,0,0,1,0,0,0,1,0,0,1,0,0,0,0,1,0,1,0,1,0,0,0,1,0,0,0,1,0,0,1,-0.714501399376043,-0.68074896826229,-0.0996119874495827,-2.05565770078325,-3.5220803971555,2.82648918198715,-0.826525106729139,-0.80958513573388,0.685402589348668,-0.627109737265084,-0.912364480354542,-1.47396527452918,-1.19758412012785,-0.923647875294738,-0.838990107829922,-1.46690114401557,-1.6645443526433,-1.09635153485306
0.89704149679907,0,0,1,0,0,0,1,0,0,1,0,0,0,0,1,0,1,0,1,0,0,0,1,0,0,0,1,0,0,1,-0.714501399376043,-0.68074896826229,-0.449600051461629,-0.697408648169159,-0.465906266128579,0.732793491626299,-0.837833069671129,-0.724649712721799,0.851363551065613,1.18005836809406,-0.102579346524996,-0.388609048767964,-0.704421248437873,-0.925123728348705,-0.91538143947754,-0.246293208611989,-0.457214543739877,-1.0759526618471
0.18051065450181,0,0,1,0,0,0,1,0,0,1,0,0,0,0,1,0,1,0,1,0,0,0,1,0,0,0,1,0,0,1,-0.982955682378602,-0.18357275548646,-0.974582147479699,-0.86718977974592,-0.465906266128579,1.25621741421651,-0.553720500753633,-0.467073810326467,0.804029614801273,1.5723854184349,0.181049874310232,-0.353736045045833,-0.626597947931049,-0.922172022240771,-0.882844390812814,-0.0464639784438522,-0.404906332601627,-1.07684441585829
1.09110193325458,0,0,1,0,0,0,1,0,0,1,0,0,0,0,1,0,1,0,1,0,0,0,1,0,0,0,1,0,0,1,-1.11718282387988,-0.0178473512278502,-2.02454633951584,-0.86718977974592,1.1084864680368,0.209369569036086,-0.665386634805783,-0.613864378358216,1.03295639914146,-0.476957270283984,-0.631904436244784,-1.23239263516435,-1.06519991872222,-0.925123728348705,-0.924152296074119,-0.993040846921404,-1.15312486125091,-1.08709958698697
0.419354268600897,0,0,1,0,0,0,1,0,0,1,0,0,0,0,1,0,1,0,0,1,0,0,1,0,0,0,1,0,0,1,-0.982955682378602,0.479328861547979,-0.974582147479699,-1.03697091132268,0.552818444213727,0.209369569036086,-0.785533741064425,-0.711724757046047,0.903664628789791,-0.562812076611291,-0.709900052755597,-1.5005075997852,-1.01486854502488,-0.924238216516325,-0.821448394636765,-1.81634092390965,-1.50199013596703,-1.10003002014922
1.09110193325458,0,0,1,0,0,0,1,0,0,1,0,0,0,0,1,0,1,0,0,1,0,0,1,0,0,0,1,0,0,1,-0.311819974872203,0.313603457289369,-0.0996119874495827,-0.527627516592398,-0.465906266128579,0.471081530331192,-0.931123763942545,-0.835435047085383,0.895337362224768,0.251524742934079,0.536675048847749,-0.280352819089274,-0.428444598542751,-0.923352704683944,-0.846063379278776,-0.152437533106213,-0.262768737887125,-1.07416915382472
0.628342430937598,0,0,1,0,0,0,1,0,0,1,0,0,0,0,1,0,1,0,0,1,0,0,1,0,0,0,1,0,0,1,-0.580274257874763,-0.18357275548646,-0.449600051461629,-0.697408648169159,-0.743740278040118,0.732793491626299,-0.942431726884536,-0.923140103456553,1.03134938278681,0.617630568590253,0.90529142874082,-0.384673697590723,-0.612217555446092,-0.922762363462357,-0.914532646903678,-0.622045696576241,-0.330192380082545,-1.05488497333274
1.24037919206651,0,0,1,0,0,0,1,0,0,1,0,0,0,0,1,0,1,0,0,1,0,0,1,0,0,0,1,0,0,1,-0.714501399376043,-0.68074896826229,-0.274606019455606,-0.697408648169159,-0.743740278040118,0.732793491626299,-0.955153185194274,-0.864054591795975,1.2211234050318,-1.65526288973651,-1.33456655831568,-0.416914615785218,-0.755810003935585,-0.922762363462357,-0.894727486846888,-0.426496666920852,-0.402504377076713,-0.969165119007138
0.822402867393106,0,0,1,0,0,0,1,0,0,1,0,0,0,0,1,0,1,0,0,1,0,0,1,0,0,0,1,0,0,1,-0.982955682378602,-1.01219977677951,-0.624594083467652,-0.697408648169159,-0.651128940736271,0.994505452921406,-0.88165142607134,-0.880672391950512,1.32630993006366,3.81430419176075,3.27985152272419,-0.45060360692372,-0.757924767536314,-0.922762363462357,-0.878883358801456,-0.427121155192384,-0.381262082903261,-0.930373819520389
1.28516236971009,0,0,1,0,0,0,1,0,0,1,0,0,0,0,1,0,1,0,0,1,0,0,1,0,0,0,1,0,0,1,-1.25140996538116,-0.68074896826229,-0.799588115473675,-1.03697091132268,-0.651128940736271,1.25621741421651,-0.505661658250175,-0.47168986592495,1.39336633977148,2.03186220561929,1.44797060664732,-0.411054179400063,-0.706324535678529,-0.924238216516325,-0.920474194920715,-0.239227369404878,-0.344482138928025,-0.91565987833576
1.59864461321514,0,0,1,0,0,0,1,0,0,1,0,0,0,0,1,0,1,0,0,1,0,0,1,0,0,0,1,0,0,1,-1.38563710688244,-1.01219977677951,-1.84955230750981,-0.86718977974592,0.923263793429111,0.471081530331192,-0.353004158533312,-0.51415757743099,1.46042274947929,-0.71049436934258,-0.616010168239944,-1.13739905003753,-1.06668025324273,-0.924533387127118,-0.914249716045724,-0.975783218788445,-1.25425094190527,-0.947205676481593
0.493992898006861,0,0,1,0,0,0,1,0,0,1,0,0,0,0,1,0,1,0,0,1,0,0,1,0,0,0,1,0,0,1,-1.51986424838372,-1.01219977677951,-1.14957617948572,-1.3765331744762,0.460207106909881,0.209369569036086,-0.665386634805783,-0.6978765902506,1.18942135512636,-0.423060343313605,-0.751752539282802,-1.4595441716221,-1.17516762596013,-0.925123728348705,-0.899254380574154,-1.90553047918431,-1.56069730674587,-0.951218569531947
0.658197882699984,0,0,1,0,0,0,1,0,0,1,0,0,0,0,1,0,1,0,0,1,0,0,1,0,0,0,1,0,0,1,-0.714501399376043,-0.846474372520899,-0.274606019455606,-0.697408648169159,-0.558517603432425,0.471081530331192,-0.810976657683903,-0.789274491100556,1.13390624469288,1.02308041963322,1.06645979015367,-0.314016255999352,-0.646265249417828,-0.924828557737911,-0.923020572642302,-0.243040957894516,-0.344125598654796,-0.904847360950086
1.94198230848258,0,0,1,0,0,0,1,0,0,1,0,0,0,0,1,0,1,0,0,1,0,0,1,0,0,0,1,0,0,1,-0.714501399376043,-0.51502356400368,-0.0996119874495827,-0.527627516592398,-0.743740278040118,0.732793491626299,-0.786947236432174,-0.724649712721799,1.1689684197035,1.13009421854772,1.69719853508851,-0.307559554284312,-0.687503139632041,-0.924828557737911,-0.903215412585512,-0.34170659643552,-0.323765272525648,-0.925803580213042
1.52400598380917,0,0,1,0,0,0,1,0,0,1,0,0,0,0,1,0,1,0,0,1,0,0,1,0,0,0,1,0,0,1,-0.982955682378602,-1.34365058529673,-0.449600051461629,-0.697408648169159,-0.836351615343964,0.732793491626299,-0.767158301283692,-0.571396666852175,1.34354883277722,1.14137251413567,1.81288558166255,-0.284015591829996,-0.633153715093309,-0.922467192851564,-0.930093844091156,-0.0408295505557587,-0.405544352037932,-0.921344810157094
0.628342430937598,0,0,1,0,0,0,1,0,0,1,0,0,0,0,1,0,1,0,0,1,0,0,1,0,0,0,1,0,0,1,-0.446047116373483,-0.18357275548646,0.0753820445564405,-1.71609543762973,-3.61469173445934,2.56477722069205,-0.737474898560968,-0.662794567702131,1.59833397118774,-0.0909356647387094,-0.657040120349851,-1.39093106830462,-1.17432172051983,-0.924238216516325,-0.887371284540081,-1.17209005443625,-1.64662351259414,-0.96214255616902
1.18066828854174,0,0,1,0,0,0,1,0,0,1,0,0,0,0,1,0,1,0,0,1,0,0,1,0,0,0,1,0,0,1,-1.51986424838372,-1.67510139381395,-1.14957617948572,-1.20675204289944,-0.836351615343964,1.51792937551162,-0.648424690392799,-0.464304176967378,1.69124873496589,1.68719976761197,2.9141382054804,-0.299067032371521,-0.728106600766036,-0.922762363462357,-0.92556695036389,-0.208722169848855,-0.556032495257015,-0.870514831519285
1.6732832426211,0,0,1,0,0,0,1,0,0,1,0,0,0,0,1,0,1,0,0,1,0,0,1,0,0,0,1,0,0,1,-1.78831853138628,-2.00655220233117,-2.37453440352788,-1.20675204289944,0.738041118821419,0.732793491626299,-0.649838185760547,-0.576935933570354,1.49665366365694,-0.197713822030697,-0.373918935478248,-1.1972896433864,-1.06710320596288,-0.925123728348705,-0.89076645483553,-0.690213152283374,-1.14985032032046,-0.95355942381132
1.55386143557156,0,0,1,0,0,0,1,0,0,1,0,0,0,0,1,0,1,0,0,1,0,0,1,0,0,0,1,0,0,1,-1.92254567288756,-1.84082679807256,-1.67455827550379,-1.3765331744762,0.367595769606035,0.471081530331192,-0.812390153051652,-0.750499624073302,1.46685081489791,-0.948183636301352,-0.635509072367647,-1.39984949402448,-1.11257062337855,-0.922762363462357,-0.859926991318529,-1.46442073273482,-1.80764835915102,-0.966155449219373
1.15081283677935,0,0,1,0,0,0,1,0,0,1,0,0,0,0,1,0,1,0,0,1,0,0,1,0,0,0,1,0,0,1,-0.848728540877322,-0.846474372520899,-0.449600051461629,-0.527627516592398,-0.651128940736271,0.732793491626299,-0.929710268574797,-0.778195957664197,1.36093382788665,1.24321032292804,1.44419662520325,-0.218588248989331,-0.56082879994838,-0.924533387127118,-0.91877660977299,0.0111959358405913,-0.312065121980464,-0.896487167095183
2.00169321200735,0,0,1,0,0,0,1,0,0,1,0,0,0,0,1,0,1,0,0,1,0,0,1,0,0,0,1,0,0,1,-0.714501399376043,-0.68074896826229,-0.274606019455606,-0.527627516592398,-0.836351615343964,0.732793491626299,-0.808149666948405,-0.678489156736972,1.21060475252861,1.12331749050712,2.37939406548195,-0.295097608889715,-0.599528973841719,-0.924828557737911,-0.894727486846888,-0.236603115320013,-0.367150594194395,-0.902172098916517
3.09141720133443,0,0,0,1,0,0,1,0,0,1,0,0,0,0,1,0,1,0,0,1,0,0,1,0,0,0,1,0,0,1,-0.848728540877322,-1.17792518103812,-0.274606019455606,-0.527627516592398,-0.743740278040118,0.732793491626299,-0.803909180845159,-0.621250067315788,1.26714250973324,1.6293213097784,1.60546175537108,-0.263802197146895,-0.565481279869984,-0.922172022240771,-0.871810087352603,-0.224972898352995,-0.320415670485046,-0.913541962559185
